{"features":[{"attributes":{"FID":0,"MC":"浦东南路"},"geometry":{"paths":[[[121.50143634300002,31.245821241000044],[121.50150970100003,31.245664610000063],[121.50164659400002,31.24540458900003],[121.50169986300011,31.24531904400004],[121.50176962800003,31.245242751000035],[121.50185376600007,31.245178027000065],[121.50194972000008,31.24512683900008],[121.50205457600009,31.24509074100007],[121.50263622500006,31.244933244000038],[121.50295383900004,31.244802771000025],[121.5031251580001,31.244695415000024],[121.50317424200011,31.244656527000075],[121.5032622650001,31.244564268000033],[121.50398175700002,31.243555595000032],[121.50398175700002,31.243555595000032],[121.50412728100002,31.243425496000043],[121.50434479300009,31.243193553000026],[121.50449600800005,31.24296310300008],[121.50527410600012,31.241648931000043],[121.50527410600012,31.241648931000043],[121.50577163800006,31.240844835000075],[121.50577163800006,31.240844835000075],[121.5063014970001,31.23999086500004],[121.5063014970001,31.23999086500004],[121.508323743,31.236831669000026],[121.508323743,31.236831669000026],[121.50879501700001,31.236096950000046],[121.50879501700001,31.236096950000046],[121.50937537200002,31.235191703000055],[121.50937537200002,31.235191703000055],[121.50968842900011,31.234701475000065],[121.50968842900011,31.234701475000065],[121.50997688600012,31.234198266000078],[121.51019076900002,31.233763771000042],[121.51031852000006,31.23346901700006],[121.5109278010001,31.231984384000043],[121.5109278010001,31.231984384000043],[121.51206564600011,31.229278236000027],[121.51206564600011,31.229278236000027],[121.51238449000004,31.22851578600006],[121.51238449000004,31.22851578600006],[121.51269964000005,31.22770120200005],[121.51284474900001,31.227290485000026],[121.51301962500008,31.22675737800006],[121.51348067700008,31.225254023000048],[121.51348067700008,31.225254023000048],[121.51389744400001,31.223880363000035],[121.51389744400001,31.223880363000035],[121.51429306900002,31.222569700000065],[121.5143962520001,31.222173504000068],[121.51448327300011,31.221774449000065],[121.51457150100009,31.221256135000033],[121.51462162500002,31.220445316000053],[121.51461627900005,31.220343654000033],[121.51461627900005,31.220343654000033],[121.51458639500004,31.219751080000037],[121.51448993300005,31.218481157000042],[121.51444514700006,31.217992657000025],[121.51444514700006,31.217992657000025],[121.51435282500006,31.217027513000062],[121.51435282500006,31.217027513000062],[121.51427409500002,31.21568878000005],[121.51427409500002,31.21568878000005],[121.5142489860001,31.215412162000064],[121.51420568900005,31.215179466000052],[121.51405654700011,31.214678847000073],[121.5139053800001,31.214257616000054],[121.5139053800001,31.214257616000054],[121.5137466220001,31.213942719000045],[121.51358769500007,31.213725494000073],[121.51358769500007,31.213725494000073],[121.51345882800001,31.213549750000027],[121.51345882800001,31.213549750000027],[121.5126247820001,31.212613176000048],[121.5126247820001,31.212613176000048],[121.51217790500004,31.21199966300003],[121.51203487600003,31.211736579000046],[121.51163105300009,31.211054751000063],[121.51130626400004,31.21046400800003],[121.51130626400004,31.21046400800003],[121.51098486300009,31.20984946300007],[121.51027684400003,31.20818054700004],[121.50939321100009,31.205877283000063],[121.50900746200011,31.204645139000036],[121.50900746200011,31.204645139000036],[121.50805359800006,31.20257454700004],[121.50805359800006,31.20257454700004],[121.50775254400003,31.201940034000074],[121.50742725600003,31.201477070000067],[121.50680509600011,31.200687146000064],[121.50636498800009,31.200090060000036],[121.50636498800009,31.200090060000036],[121.50575791400001,31.199357426000063],[121.504889649,31.19824943900005],[121.504889649,31.19824943900005],[121.50432547600008,31.197541263000062],[121.50398814400012,31.197104942000067],[121.50365509300002,31.196657454000047],[121.50343541200004,31.19631448900003],[121.50314285000002,31.195825186000036],[121.50264781800001,31.194932976000075],[121.50241332300004,31.194531632000064],[121.50241332300004,31.194531632000064],[121.50150296200002,31.192915466000045],[121.50104763800005,31.192074241000057],[121.50104763800005,31.192074241000057],[121.5002263780001,31.19062840400005],[121.499880114,31.18998728400004],[121.499880114,31.18998728400004],[121.49956857300003,31.189478859000076],[121.49915908500009,31.188756174000048],[121.49901616500006,31.188463726000066],[121.49901616500006,31.188463726000066],[121.49820630900001,31.187040653000054],[121.49820630900001,31.187040653000054],[121.49690213500003,31.185199761000035],[121.49607875800007,31.184324055000047],[121.49607875800007,31.184324055000047],[121.49523112800011,31.18337015800006],[121.49409805700009,31.182184697000025],[121.49342194600001,31.181642544000056],[121.49342194600001,31.181642544000056],[121.49239839900008,31.181116497000062],[121.49128420600005,31.18075112100007],[121.49017666100008,31.18056339800006]]]}}]}