{"features":[{"attributes":{"FID":0,"MC":"陆家嘴"},"geometry":{"rings":[[[121.50124682600006,31.246266766000076],[121.50129473000004,31.246148688000062],[121.50140833700004,31.245868666000035],[121.50141462200008,31.245853175000036],[121.50167311400003,31.24544465300005],[121.50177860600002,31.245275597000045],[121.5017851,31.245267669000043],[121.50180715300007,31.245232814000076],[121.50205528400011,31.245160387000055],[121.50236088800011,31.24507118200006],[121.50300606600001,31.24487676700005],[121.50360912500003,31.244117421000055],[121.50380135600005,31.24387648800007],[121.50419077400011,31.243385407000062],[121.50422193300005,31.243336141000043],[121.50436505500011,31.243109856000046],[121.50479027600011,31.24242396300008],[121.50508958500006,31.241964325000026],[121.50527469600001,31.241671651000047],[121.50572308900007,31.24096270800004],[121.5059000660001,31.240666271000066],[121.50628189100007,31.240074437000033],[121.5065602300001,31.239632339000025],[121.50730246800003,31.238462923000043],[121.50765292800008,31.237911489000055],[121.50770802600005,31.237824377000038],[121.50812018700003,31.237172716000032],[121.50813391700001,31.237150893000035],[121.50878694400001,31.236113388000035],[121.5087970080001,31.236089922000076],[121.50879764900003,31.236088429000063],[121.50868859700006,31.236106647000042],[121.50818035600003,31.236191552000037],[121.50809000200002,31.236207351000076],[121.50737870800003,31.23632549200005],[121.50488106500006,31.23542077700006],[121.50379758200006,31.235148649000053],[121.50350235200005,31.235074499000063],[121.5026243850001,31.234853989000044],[121.50261414400006,31.234851417000073],[121.49979058000008,31.23458611800004],[121.49988883800006,31.233957174000068],[121.49990331200001,31.233864530000062],[121.49993097600009,31.23368745500005],[121.49993129900008,31.23368673500005],[121.49993454600008,31.23366605800004],[121.5001827970001,31.233125373000064],[121.50021251200008,31.233060652000063],[121.5002521460001,31.232974332000026],[121.50027600800001,31.232917318000034],[121.5003342230001,31.232778221000046],[121.4998668180001,31.232410652000056],[121.49916392800003,31.231857516000048],[121.49914588600006,31.231836626000074],[121.4974263250001,31.23047647100003],[121.49705522200009,31.23083292800004],[121.49649425700011,31.23128118900007],[121.49619448200008,31.23153852200005],[121.49555382000005,31.232069633000037],[121.49490244700007,31.232591006000064],[121.49430502500002,31.233052806000046],[121.4936011320001,31.233627289000026],[121.49314439800003,31.23392664100004],[121.49269960200002,31.234189121000043],[121.49187141000004,31.23480072500007],[121.490489593,31.236236358000042],[121.48957610200011,31.23720596700008],[121.4889765910001,31.238432508000074],[121.48866477400009,31.239789995000024],[121.48864610500004,31.240333882000073],[121.488683476,31.24088931600005],[121.48877702400011,31.241439872000058],[121.48892603800005,31.241981365000072],[121.48908199400012,31.24238655000005],[121.48956541500002,31.24330796600003],[121.4896925160001,31.24351086100006],[121.48995501400009,31.243854402000068],[121.49051767100002,31.24439626700007],[121.49325789500006,31.245881238000038],[121.49431403200003,31.24630972800003],[121.49468527800002,31.24652537700007],[121.49563912200006,31.246949139000037],[121.49706376900008,31.24746289400008],[121.4998467910001,31.248352880000027],[121.50034355800005,31.248493170000074],[121.50124682600006,31.246266766000076]]]}}]}